v_age,v_gender,v_race,weapon,crime
29.0,F,Black or African American,Handgun,Murder and Nonnegligent Manslaughter
29.0,F,Black or African American,Handgun,Murder and Nonnegligent Manslaughter
31.0,F,White,Handgun,Murder and Nonnegligent Manslaughter
60.0,M,White,Handgun,Murder and Nonnegligent Manslaughter
60.0,M,White,Handgun,Murder and Nonnegligent Manslaughter
19.0,M,Black or African American,Handgun,Murder and Nonnegligent Manslaughter
21.0,F,Black or African American,Handgun,Murder and Nonnegligent Manslaughter
20.0,M,White,Handgun,Murder and Nonnegligent Manslaughter
21.0,M,Black or African American,Handgun,Murder and Nonnegligent Manslaughter
27.0,F,White,Handgun,Murder and Nonnegligent Manslaughter
17.0,M,Black or African American,Handgun,Murder and Nonnegligent Manslaughter
19.0,M,Black or African American,Handgun,Murder and Nonnegligent Manslaughter
17.0,M,Black or African American,Handgun,Murder and Nonnegligent Manslaughter
19.0,M,Black or African American,Handgun,Murder and Nonnegligent Manslaughter
20.0,M,Black or African American,Handgun,Murder and Nonnegligent Manslaughter
20.0,M,Black or African American,Handgun,Murder and Nonnegligent Manslaughter
20.0,M,Black or African American,Handgun,Murder and Nonnegligent Manslaughter
20.0,M,Black or African American,Handgun,Murder and Nonnegligent Manslaughter
20.0,M,Black or African American,Handgun,Murder and Nonnegligent Manslaughter
20.0,M,Black or African American,Handgun,Murder and Nonnegligent Manslaughter
28.0,M,Black or African American,Handgun,Murder and Nonnegligent Manslaughter
19.0,F,Black or African American,Handgun,Murder and Nonnegligent Manslaughter
19.0,M,Black or African American,Handgun,Murder and Nonnegligent Manslaughter
59.0,M,White,Handgun,Murder and Nonnegligent Manslaughter
55.0,F,White,Handgun,Murder and Nonnegligent Manslaughter
59.0,M,White,Handgun,Murder and Nonnegligent Manslaughter
51.0,M,White,Handgun,Murder and Nonnegligent Manslaughter
29.0,F,White,Handgun,Murder and Nonnegligent Manslaughter
30.0,F,White,Handgun,Murder and Nonnegligent Manslaughter
57.0,F,White,Handgun,Murder and Nonnegligent Manslaughter
27.0,F,White,Handgun,Murder and Nonnegligent Manslaughter
70.0,M,Black or African American,Handgun,Murder and Nonnegligent Manslaughter
52.0,M,Black or African American,Handgun,Murder and Nonnegligent Manslaughter
5.0,M,Black or African American,Handgun,Murder and Nonnegligent Manslaughter
8.0,F,Black or African American,Handgun,Murder and Nonnegligent Manslaughter
45.0,F,Black or African American,Handgun,Murder and Nonnegligent Manslaughter
35.0,M,Black or African American,Handgun,Murder and Nonnegligent Manslaughter
34.0,M,Black or African American,Handgun,Murder and Nonnegligent Manslaughter
48.0,M,White,Handgun,Murder and Nonnegligent Manslaughter
32.0,M,Black or African American,Handgun,Murder and Nonnegligent Manslaughter
33.0,M,Black or African American,Handgun,Murder and Nonnegligent Manslaughter
20.0,M,Black or African American,Handgun,Murder and Nonnegligent Manslaughter
20.0,M,Black or African American,Handgun,Murder and Nonnegligent Manslaughter
18.0,M,White,Handgun,Murder and Nonnegligent Manslaughter
20.0,M,White,Handgun,Murder and Nonnegligent Manslaughter
26.0,M,White,Handgun,Murder and Nonnegligent Manslaughter
18.0,M,White,Handgun,Murder and Nonnegligent Manslaughter
20.0,M,White,Handgun,Murder and Nonnegligent Manslaughter
26.0,M,White,Handgun,Murder and Nonnegligent Manslaughter
27.0,F,White,Handgun,Murder and Nonnegligent Manslaughter
16.0,M,White,Handgun,Murder and Nonnegligent Manslaughter
32.0,M,Black or African American,Handgun,Murder and Nonnegligent Manslaughter
54.0,M,Black or African American,Handgun,Murder and Nonnegligent Manslaughter
56.0,F,White,Handgun,Murder and Nonnegligent Manslaughter
19.0,M,Black or African American,Handgun,Murder and Nonnegligent Manslaughter
56.0,M,White,Handgun,Murder and Nonnegligent Manslaughter
64.0,M,Black or African American,Handgun,Murder and Nonnegligent Manslaughter
55.0,M,White,Handgun,Murder and Nonnegligent Manslaughter
14.0,F,Black or African American,Handgun,Murder and Nonnegligent Manslaughter
39.0,M,Black or African American,Handgun,Murder and Nonnegligent Manslaughter
14.0,M,Black or African American,Handgun,Murder and Nonnegligent Manslaughter
15.0,M,Black or African American,Handgun,Murder and Nonnegligent Manslaughter
17.0,M,Black or African American,Handgun,Murder and Nonnegligent Manslaughter
49.0,M,White,Handgun,Murder and Nonnegligent Manslaughter
51.0,M,Black or African American,Handgun,Murder and Nonnegligent Manslaughter
29.0,M,White,Handgun,Murder and Nonnegligent Manslaughter
26.0,F,Black or African American,Handgun,Murder and Nonnegligent Manslaughter
38.0,M,White,Handgun,Murder and Nonnegligent Manslaughter
33.0,M,Black or African American,Handgun,Murder and Nonnegligent Manslaughter
24.0,M,Black or African American,Handgun,Murder and Nonnegligent Manslaughter
34.0,M,Black or African American,Handgun,Murder and Nonnegligent Manslaughter
35.0,M,White,Handgun,Murder and Nonnegligent Manslaughter
25.0,M,Black or African American,Handgun,Murder and Nonnegligent Manslaughter
31.0,M,Black or African American,Handgun,Murder and Nonnegligent Manslaughter
25.0,M,White,Handgun,Murder and Nonnegligent Manslaughter
31.0,M,Black or African American,Handgun,Murder and Nonnegligent Manslaughter
27.0,M,White,Handgun,Murder and Nonnegligent Manslaughter
36.0,M,Black or African American,Handgun,Murder and Nonnegligent Manslaughter
34.0,M,Black or African American,Handgun,Murder and Nonnegligent Manslaughter
19.0,M,Black or African American,Handgun,Murder and Nonnegligent Manslaughter
29.0,M,White,Handgun,Murder and Nonnegligent Manslaughter
18.0,M,White,Handgun,Murder and Nonnegligent Manslaughter
18.0,M,White,Handgun,Murder and Nonnegligent Manslaughter
50.0,M,White,Handgun,Murder and Nonnegligent Manslaughter
50.0,M,White,Handgun,Murder and Nonnegligent Manslaughter
50.0,M,White,Handgun,Murder and Nonnegligent Manslaughter
50.0,M,White,Handgun,Murder and Nonnegligent Manslaughter
19.0,M,Black or African American,Handgun,Murder and Nonnegligent Manslaughter
20.0,M,Black or African American,Handgun,Murder and Nonnegligent Manslaughter
29.0,F,Black or African American,Handgun,Murder and Nonnegligent Manslaughter
15.0,M,Black or African American,Handgun,Murder and Nonnegligent Manslaughter
54.0,M,Black or African American,Handgun,Murder and Nonnegligent Manslaughter
47.0,F,Black or African American,Handgun,Murder and Nonnegligent Manslaughter
19.0,M,Black or African American,Handgun,Murder and Nonnegligent Manslaughter
20.0,M,Black or African American,Handgun,Murder and Nonnegligent Manslaughter
29.0,F,Black or African American,Handgun,Murder and Nonnegligent Manslaughter
50.0,M,White,Handgun,Murder and Nonnegligent Manslaughter
15.0,M,Black or African American,Handgun,Murder and Nonnegligent Manslaughter
33.0,M,White,Handgun,Murder and Nonnegligent Manslaughter
47.0,M,Black or African American,Handgun,Murder and Nonnegligent Manslaughter
33.0,M,White,Handgun,Murder and Nonnegligent Manslaughter
47.0,M,Black or African American,Handgun,Murder and Nonnegligent Manslaughter
14.0,F,White,Handgun,Murder and Nonnegligent Manslaughter
19.0,M,Black or African American,Handgun,Murder and Nonnegligent Manslaughter
17.0,F,Black or African American,Handgun,Murder and Nonnegligent Manslaughter
17.0,F,Black or African American,Handgun,Murder and Nonnegligent Manslaughter
17.0,F,Black or African American,Handgun,Murder and Nonnegligent Manslaughter
3.0,M,Black or African American,Handgun,Murder and Nonnegligent Manslaughter
29.0,F,Black or African American,Handgun,Murder and Nonnegligent Manslaughter
10.0,F,Black or African American,Handgun,Murder and Nonnegligent Manslaughter
5.0,F,Black or African American,Handgun,Murder and Nonnegligent Manslaughter
3.0,M,Black or African American,Handgun,Murder and Nonnegligent Manslaughter
2.0,M,Black or African American,Handgun,Murder and Nonnegligent Manslaughter
,M,Black or African American,Handgun,Murder and Nonnegligent Manslaughter
28.0,M,Black or African American,Handgun,Murder and Nonnegligent Manslaughter
31.0,M,Black or African American,Handgun,Murder and Nonnegligent Manslaughter
56.0,F,Black or African American,Handgun,Murder and Nonnegligent Manslaughter
24.0,M,Black or African American,Handgun,Murder and Nonnegligent Manslaughter
28.0,M,Black or African American,Handgun,Murder and Nonnegligent Manslaughter
17.0,F,Black or African American,Handgun,Murder and Nonnegligent Manslaughter
18.0,M,Black or African American,Handgun,Murder and Nonnegligent Manslaughter
50.0,M,White,Handgun,Murder and Nonnegligent Manslaughter
16.0,M,Black or African American,Handgun,Murder and Nonnegligent Manslaughter
30.0,M,White,Handgun,Murder and Nonnegligent Manslaughter
31.0,M,White,Handgun,Murder and Nonnegligent Manslaughter
20.0,M,Black or African American,Handgun,Murder and Nonnegligent Manslaughter
51.0,M,Black or African American,Handgun,Murder and Nonnegligent Manslaughter
48.0,M,White,Handgun,Murder and Nonnegligent Manslaughter
49.0,F,White,Handgun,Murder and Nonnegligent Manslaughter
20.0,F,Black or African American,Handgun,Murder and Nonnegligent Manslaughter
16.0,M,Black or African American,Handgun,Murder and Nonnegligent Manslaughter
25.0,M,White,Handgun,Murder and Nonnegligent Manslaughter
20.0,F,Black or African American,Handgun,Murder and Nonnegligent Manslaughter
16.0,M,Black or African American,Handgun,Murder and Nonnegligent Manslaughter
25.0,M,White,Handgun,Murder and Nonnegligent Manslaughter
40.0,M,White,Handgun,Murder and Nonnegligent Manslaughter
17.0,M,Black or African American,Handgun,Murder and Nonnegligent Manslaughter
22.0,M,Black or African American,Handgun,Murder and Nonnegligent Manslaughter
25.0,M,Black or African American,Handgun,Murder and Nonnegligent Manslaughter
30.0,M,White,Handgun,Murder and Nonnegligent Manslaughter
30.0,M,White,Handgun,Murder and Nonnegligent Manslaughter
20.0,M,Black or African American,Handgun,Murder and Nonnegligent Manslaughter
19.0,M,Black or African American,Handgun,Murder and Nonnegligent Manslaughter
20.0,M,Black or African American,Handgun,Murder and Nonnegligent Manslaughter
29.0,F,Black or African American,Handgun,Murder and Nonnegligent Manslaughter
55.0,M,Black or African American,Handgun,Murder and Nonnegligent Manslaughter
22.0,F,Black or African American,Handgun,Murder and Nonnegligent Manslaughter
19.0,M,Black or African American,Handgun,Murder and Nonnegligent Manslaughter
33.0,M,Black or African American,Handgun,Murder and Nonnegligent Manslaughter
33.0,M,Black or African American,Handgun,Murder and Nonnegligent Manslaughter
33.0,M,Black or African American,Handgun,Murder and Nonnegligent Manslaughter
18.0,F,Black or African American,Handgun,Murder and Nonnegligent Manslaughter
18.0,F,Black or African American,Handgun,Murder and Nonnegligent Manslaughter
19.0,F,Black or African American,Handgun,Murder and Nonnegligent Manslaughter
1.0,F,Black or African American,Handgun,Murder and Nonnegligent Manslaughter
20.0,M,Black or African American,Handgun,Murder and Nonnegligent Manslaughter
34.0,M,Black or African American,Handgun,Murder and Nonnegligent Manslaughter
30.0,M,Black or African American,Handgun,Murder and Nonnegligent Manslaughter
50.0,M,White,Handgun,Murder and Nonnegligent Manslaughter
57.0,M,White,Handgun,Murder and Nonnegligent Manslaughter
38.0,M,Black or African American,Handgun,Murder and Nonnegligent Manslaughter
13.0,M,Black or African American,Handgun,Murder and Nonnegligent Manslaughter
28.0,M,White,Handgun,Murder and Nonnegligent Manslaughter
31.0,M,Black or African American,Handgun,Murder and Nonnegligent Manslaughter
19.0,M,White,Handgun,Murder and Nonnegligent Manslaughter
41.0,M,Black or African American,Handgun,Murder and Nonnegligent Manslaughter
18.0,F,White,Handgun,Murder and Nonnegligent Manslaughter
46.0,F,White,Handgun,Murder and Nonnegligent Manslaughter
40.0,F,White,Handgun,Murder and Nonnegligent Manslaughter
44.0,M,White,Handgun,Murder and Nonnegligent Manslaughter
19.0,M,White,Handgun,Murder and Nonnegligent Manslaughter
41.0,M,Black or African American,Handgun,Murder and Nonnegligent Manslaughter
18.0,F,White,Handgun,Murder and Nonnegligent Manslaughter
46.0,F,White,Handgun,Murder and Nonnegligent Manslaughter
40.0,F,White,Handgun,Murder and Nonnegligent Manslaughter
44.0,M,White,Handgun,Murder and Nonnegligent Manslaughter
19.0,M,White,Handgun,Murder and Nonnegligent Manslaughter
41.0,M,Black or African American,Handgun,Murder and Nonnegligent Manslaughter
18.0,F,White,Handgun,Murder and Nonnegligent Manslaughter
46.0,F,White,Handgun,Murder and Nonnegligent Manslaughter
40.0,F,White,Handgun,Murder and Nonnegligent Manslaughter
44.0,M,White,Handgun,Murder and Nonnegligent Manslaughter
24.0,M,Black or African American,Handgun,Murder and Nonnegligent Manslaughter
38.0,F,White,Handgun,Murder and Nonnegligent Manslaughter
47.0,F,White,Handgun,Murder and Nonnegligent Manslaughter
44.0,M,White,Handgun,Murder and Nonnegligent Manslaughter
50.0,M,White,Handgun,Murder and Nonnegligent Manslaughter
48.0,F,White,Handgun,Murder and Nonnegligent Manslaughter
62.0,F,White,Handgun,Murder and Nonnegligent Manslaughter
20.0,M,White,Handgun,Murder and Nonnegligent Manslaughter
23.0,M,Black or African American,Handgun,Murder and Nonnegligent Manslaughter
60.0,M,White,Handgun,Murder and Nonnegligent Manslaughter
41.0,M,White,Handgun,Murder and Nonnegligent Manslaughter
25.0,M,White,Handgun,Murder and Nonnegligent Manslaughter
47.0,M,Black or African American,Handgun,Murder and Nonnegligent Manslaughter
22.0,F,Black or African American,Handgun,Murder and Nonnegligent Manslaughter
36.0,M,Black or African American,Handgun,Murder and Nonnegligent Manslaughter
23.0,M,Black or African American,Handgun,Murder and Nonnegligent Manslaughter
24.0,M,Black or African American,Handgun,Murder and Nonnegligent Manslaughter
18.0,M,Black or African American,Handgun,Murder and Nonnegligent Manslaughter
42.0,M,Black or African American,Handgun,Murder and Nonnegligent Manslaughter
18.0,F,Black or African American,Handgun,Murder and Nonnegligent Manslaughter
,M,White,Handgun,Murder and Nonnegligent Manslaughter
23.0,M,Black or African American,Handgun,Murder and Nonnegligent Manslaughter
24.0,M,Black or African American,Handgun,Murder and Nonnegligent Manslaughter
55.0,M,White,Handgun,Murder and Nonnegligent Manslaughter
50.0,M,White,Handgun,Murder and Nonnegligent Manslaughter
25.0,M,Black or African American,Handgun,Murder and Nonnegligent Manslaughter
19.0,M,White,Handgun,Murder and Nonnegligent Manslaughter
15.0,M,Black or African American,Handgun,Murder and Nonnegligent Manslaughter
23.0,M,Black or African American,Handgun,Murder and Nonnegligent Manslaughter
24.0,M,Black or African American,Handgun,Murder and Nonnegligent Manslaughter
20.0,M,Black or African American,Handgun,Murder and Nonnegligent Manslaughter
20.0,M,Black or African American,Handgun,Murder and Nonnegligent Manslaughter
20.0,M,White,Handgun,Murder and Nonnegligent Manslaughter
69.0,M,White,Handgun,Murder and Nonnegligent Manslaughter
56.0,M,White,Handgun,Murder and Nonnegligent Manslaughter
28.0,M,Black or African American,Handgun,Murder and Nonnegligent Manslaughter
38.0,M,Black or African American,Handgun,Murder and Nonnegligent Manslaughter
29.0,M,Black or African American,Handgun,Murder and Nonnegligent Manslaughter
23.0,M,Black or African American,Handgun,Murder and Nonnegligent Manslaughter
21.0,F,Black or African American,Handgun,Murder and Nonnegligent Manslaughter
19.0,M,Black or African American,Handgun,Murder and Nonnegligent Manslaughter
18.0,F,Black or African American,Handgun,Murder and Nonnegligent Manslaughter
23.0,F,Black or African American,Handgun,Murder and Nonnegligent Manslaughter
41.0,F,Black or African American,Handgun,Murder and Nonnegligent Manslaughter
33.0,F,Black or African American,Handgun,Murder and Nonnegligent Manslaughter
31.0,F,White,Handgun,Murder and Nonnegligent Manslaughter
25.0,F,White,Handgun,Murder and Nonnegligent Manslaughter
21.0,F,Black or African American,Handgun,Murder and Nonnegligent Manslaughter
24.0,F,Black or African American,Handgun,Murder and Nonnegligent Manslaughter
29.0,M,Black or African American,Handgun,Murder and Nonnegligent Manslaughter
20.0,M,White,Handgun,Murder and Nonnegligent Manslaughter
29.0,M,Black or African American,Handgun,Murder and Nonnegligent Manslaughter
26.0,M,Black or African American,Handgun,Murder and Nonnegligent Manslaughter
28.0,M,White,Handgun,Murder and Nonnegligent Manslaughter
24.0,M,Black or African American,Handgun,Murder and Nonnegligent Manslaughter
50.0,M,White,Handgun,Murder and Nonnegligent Manslaughter
21.0,F,Black or African American,Handgun,Murder and Nonnegligent Manslaughter
40.0,M,White,Handgun,Murder and Nonnegligent Manslaughter
41.0,M,White,Handgun,Murder and Nonnegligent Manslaughter
18.0,M,Black or African American,Handgun,Murder and Nonnegligent Manslaughter
18.0,M,White,Handgun,Murder and Nonnegligent Manslaughter
26.0,M,Black or African American,Handgun,Murder and Nonnegligent Manslaughter
34.0,M,Black or African American,Handgun,Murder and Nonnegligent Manslaughter
,F,White,Handgun,Murder and Nonnegligent Manslaughter
19.0,M,Black or African American,Handgun,Murder and Nonnegligent Manslaughter
18.0,M,Black or African American,Handgun,Murder and Nonnegligent Manslaughter
16.0,F,Black or African American,Handgun,Murder and Nonnegligent Manslaughter
17.0,M,Black or African American,Handgun,Murder and Nonnegligent Manslaughter
69.0,M,White,Handgun,Murder and Nonnegligent Manslaughter
56.0,M,White,Handgun,Murder and Nonnegligent Manslaughter
27.0,M,White,Handgun,Murder and Nonnegligent Manslaughter
22.0,M,Black or African American,Handgun,Murder and Nonnegligent Manslaughter
36.0,M,White,Handgun,Murder and Nonnegligent Manslaughter
25.0,M,Black or African American,Handgun,Murder and Nonnegligent Manslaughter
23.0,F,White,Handgun,Murder and Nonnegligent Manslaughter
47.0,M,Black or African American,Handgun,Murder and Nonnegligent Manslaughter
47.0,M,Black or African American,Handgun,Murder and Nonnegligent Manslaughter
32.0,M,Black or African American,Handgun,Murder and Nonnegligent Manslaughter
33.0,M,Black or African American,Handgun,Murder and Nonnegligent Manslaughter
29.0,M,Black or African American,Handgun,Murder and Nonnegligent Manslaughter
2.0,M,Black or African American,Handgun,Murder and Nonnegligent Manslaughter
20.0,M,Black or African American,Handgun,Murder and Nonnegligent Manslaughter
2.0,M,White,Handgun,Murder and Nonnegligent Manslaughter
29.0,M,Black or African American,Handgun,Murder and Nonnegligent Manslaughter
37.0,F,White,Handgun,Murder and Nonnegligent Manslaughter
54.0,M,Black or African American,Handgun,Murder and Nonnegligent Manslaughter
81.0,M,White,Handgun,Murder and Nonnegligent Manslaughter
24.0,M,White,Handgun,Murder and Nonnegligent Manslaughter
23.0,F,White,Handgun,Murder and Nonnegligent Manslaughter
25.0,M,White,Handgun,Murder and Nonnegligent Manslaughter
54.0,M,Black or African American,Handgun,Murder and Nonnegligent Manslaughter
26.0,M,White,Handgun,Murder and Nonnegligent Manslaughter
45.0,M,Black or African American,Handgun,Murder and Nonnegligent Manslaughter
16.0,M,Black or African American,Handgun,Murder and Nonnegligent Manslaughter
25.0,M,Black or African American,Handgun,Murder and Nonnegligent Manslaughter
40.0,M,White,Handgun,Murder and Nonnegligent Manslaughter
45.0,F,White,Handgun,Murder and Nonnegligent Manslaughter
22.0,F,White,Handgun,Murder and Nonnegligent Manslaughter
22.0,F,White,Handgun,Murder and Nonnegligent Manslaughter
22.0,F,White,Handgun,Murder and Nonnegligent Manslaughter
22.0,F,White,Handgun,Murder and Nonnegligent Manslaughter
18.0,M,Black or African American,Handgun,Murder and Nonnegligent Manslaughter
63.0,M,White,Handgun,Murder and Nonnegligent Manslaughter
45.0,F,White,Handgun,Murder and Nonnegligent Manslaughter
21.0,M,White,Handgun,Murder and Nonnegligent Manslaughter
61.0,M,White,Handgun,Murder and Nonnegligent Manslaughter
32.0,M,White,Handgun,Murder and Nonnegligent Manslaughter
3.0,F,Unknown,Handgun,Murder and Nonnegligent Manslaughter
71.0,M,White,Handgun,Murder and Nonnegligent Manslaughter
71.0,M,White,Handgun,Murder and Nonnegligent Manslaughter
71.0,M,White,Handgun,Murder and Nonnegligent Manslaughter
32.0,F,Black or African American,Handgun,Murder and Nonnegligent Manslaughter
32.0,M,Black or African American,Handgun,Murder and Nonnegligent Manslaughter
32.0,M,White,Handgun,Murder and Nonnegligent Manslaughter
28.0,M,White,Handgun,Murder and Nonnegligent Manslaughter
23.0,M,Black or African American,Handgun,Murder and Nonnegligent Manslaughter
25.0,M,Black or African American,Handgun,Murder and Nonnegligent Manslaughter
38.0,M,White,Handgun,Murder and Nonnegligent Manslaughter
28.0,M,White,Handgun,Murder and Nonnegligent Manslaughter
26.0,M,Black or African American,Handgun,Murder and Nonnegligent Manslaughter
30.0,M,Black or African American,Handgun,Murder and Nonnegligent Manslaughter
23.0,M,Black or African American,Handgun,Murder and Nonnegligent Manslaughter
38.0,F,Black or African American,Handgun,Murder and Nonnegligent Manslaughter
46.0,M,White,Handgun,Murder and Nonnegligent Manslaughter
68.0,M,White,Handgun,Murder and Nonnegligent Manslaughter
25.0,F,White,Handgun,Murder and Nonnegligent Manslaughter
22.0,M,White,Handgun,Murder and Nonnegligent Manslaughter
40.0,M,Black or African American,Handgun,Murder and Nonnegligent Manslaughter
11.0,F,Black or African American,Handgun,Murder and Nonnegligent Manslaughter
11.0,F,Black or African American,Handgun,Murder and Nonnegligent Manslaughter
32.0,M,White,Handgun,Murder and Nonnegligent Manslaughter
50.0,M,White,Handgun,Murder and Nonnegligent Manslaughter
50.0,M,White,Handgun,Murder and Nonnegligent Manslaughter
50.0,M,White,Handgun,Murder and Nonnegligent Manslaughter
21.0,M,White,Handgun,Murder and Nonnegligent Manslaughter
36.0,F,Black or African American,Handgun,Murder and Nonnegligent Manslaughter
53.0,M,Black or African American,Handgun,Murder and Nonnegligent Manslaughter
42.0,M,Black or African American,Handgun,Murder and Nonnegligent Manslaughter
19.0,F,Black or African American,Handgun,Murder and Nonnegligent Manslaughter
17.0,M,Black or African American,Handgun,Murder and Nonnegligent Manslaughter
19.0,M,Black or African American,Handgun,Murder and Nonnegligent Manslaughter
16.0,F,Black or African American,Handgun,Murder and Nonnegligent Manslaughter
29.0,F,Black or African American,Handgun,Murder and Nonnegligent Manslaughter
32.0,M,Black or African American,Handgun,Murder and Nonnegligent Manslaughter
70.0,F,Black or African American,Handgun,Murder and Nonnegligent Manslaughter
10.0,F,Black or African American,Handgun,Murder and Nonnegligent Manslaughter
8.0,F,Black or African American,Handgun,Murder and Nonnegligent Manslaughter
31.0,F,Black or African American,Handgun,Murder and Nonnegligent Manslaughter
42.0,M,Black or African American,Handgun,Murder and Nonnegligent Manslaughter
19.0,F,Black or African American,Handgun,Murder and Nonnegligent Manslaughter
17.0,M,Black or African American,Handgun,Murder and Nonnegligent Manslaughter
19.0,M,Black or African American,Handgun,Murder and Nonnegligent Manslaughter
16.0,F,Black or African American,Handgun,Murder and Nonnegligent Manslaughter
29.0,F,Black or African American,Handgun,Murder and Nonnegligent Manslaughter
32.0,M,Black or African American,Handgun,Murder and Nonnegligent Manslaughter
70.0,F,Black or African American,Handgun,Murder and Nonnegligent Manslaughter
10.0,F,Black or African American,Handgun,Murder and Nonnegligent Manslaughter
8.0,F,Black or African American,Handgun,Murder and Nonnegligent Manslaughter
31.0,F,Black or African American,Handgun,Murder and Nonnegligent Manslaughter
16.0,M,Black or African American,Handgun,Murder and Nonnegligent Manslaughter
16.0,M,Black or African American,Handgun,Murder and Nonnegligent Manslaughter
19.0,M,White,Handgun,Murder and Nonnegligent Manslaughter
15.0,M,Black or African American,Handgun,Murder and Nonnegligent Manslaughter
22.0,M,White,Handgun,Murder and Nonnegligent Manslaughter
36.0,F,White,Handgun,Murder and Nonnegligent Manslaughter
25.0,M,Black or African American,Handgun,Murder and Nonnegligent Manslaughter
39.0,M,Black or African American,Handgun,Murder and Nonnegligent Manslaughter
42.0,F,Black or African American,Handgun,Murder and Nonnegligent Manslaughter
79.0,M,Black or African American,Handgun,Murder and Nonnegligent Manslaughter
42.0,M,Black or African American,Handgun,Murder and Nonnegligent Manslaughter
19.0,F,Black or African American,Handgun,Murder and Nonnegligent Manslaughter
17.0,M,Black or African American,Handgun,Murder and Nonnegligent Manslaughter
19.0,M,Black or African American,Handgun,Murder and Nonnegligent Manslaughter
16.0,F,Black or African American,Handgun,Murder and Nonnegligent Manslaughter
29.0,F,Black or African American,Handgun,Murder and Nonnegligent Manslaughter
32.0,M,Black or African American,Handgun,Murder and Nonnegligent Manslaughter
70.0,F,Black or African American,Handgun,Murder and Nonnegligent Manslaughter
10.0,F,Black or African American,Handgun,Murder and Nonnegligent Manslaughter
8.0,F,Black or African American,Handgun,Murder and Nonnegligent Manslaughter
31.0,F,Black or African American,Handgun,Murder and Nonnegligent Manslaughter
42.0,M,Black or African American,Handgun,Murder and Nonnegligent Manslaughter
19.0,F,Black or African American,Handgun,Murder and Nonnegligent Manslaughter
17.0,M,Black or African American,Handgun,Murder and Nonnegligent Manslaughter
19.0,M,Black or African American,Handgun,Murder and Nonnegligent Manslaughter
16.0,F,Black or African American,Handgun,Murder and Nonnegligent Manslaughter
29.0,F,Black or African American,Handgun,Murder and Nonnegligent Manslaughter
32.0,M,Black or African American,Handgun,Murder and Nonnegligent Manslaughter
70.0,F,Black or African American,Handgun,Murder and Nonnegligent Manslaughter
10.0,F,Black or African American,Handgun,Murder and Nonnegligent Manslaughter
8.0,F,Black or African American,Handgun,Murder and Nonnegligent Manslaughter
31.0,F,Black or African American,Handgun,Murder and Nonnegligent Manslaughter
49.0,F,White,Handgun,Murder and Nonnegligent Manslaughter
37.0,F,Black or African American,Handgun,Murder and Nonnegligent Manslaughter
43.0,M,Black or African American,Handgun,Murder and Nonnegligent Manslaughter
27.0,M,Black or African American,Handgun,Murder and Nonnegligent Manslaughter
23.0,M,Black or African American,Handgun,Murder and Nonnegligent Manslaughter
18.0,M,Black or African American,Handgun,Murder and Nonnegligent Manslaughter
27.0,M,Black or African American,Handgun,Murder and Nonnegligent Manslaughter
27.0,M,Black or African American,Handgun,Murder and Nonnegligent Manslaughter
24.0,M,Black or African American,Handgun,Murder and Nonnegligent Manslaughter
19.0,M,Black or African American,Handgun,Murder and Nonnegligent Manslaughter
54.0,M,White,Handgun,Murder and Nonnegligent Manslaughter
25.0,F,White,Handgun,Murder and Nonnegligent Manslaughter
17.0,M,Black or African American,Handgun,Murder and Nonnegligent Manslaughter
84.0,F,Black or African American,Handgun,Murder and Nonnegligent Manslaughter
55.0,M,Black or African American,Handgun,Murder and Nonnegligent Manslaughter
26.0,M,Black or African American,Handgun,Murder and Nonnegligent Manslaughter
26.0,F,Black or African American,Handgun,Murder and Nonnegligent Manslaughter
4.0,M,Black or African American,Handgun,Murder and Nonnegligent Manslaughter
64.0,M,White,Handgun,Murder and Nonnegligent Manslaughter
77.0,F,White,Knife/Cutting Instrument,Murder and Nonnegligent Manslaughter
32.0,M,White,Handgun,Murder and Nonnegligent Manslaughter
77.0,F,White,Knife/Cutting Instrument,Murder and Nonnegligent Manslaughter
32.0,M,White,Handgun,Murder and Nonnegligent Manslaughter
23.0,M,White,Handgun,Murder and Nonnegligent Manslaughter
34.0,M,White,Handgun,Murder and Nonnegligent Manslaughter
48.0,M,White,Handgun,Murder and Nonnegligent Manslaughter
31.0,M,White,Handgun,Murder and Nonnegligent Manslaughter
40.0,M,White,Handgun,Murder and Nonnegligent Manslaughter
25.0,M,White,Handgun,Murder and Nonnegligent Manslaughter
39.0,M,White,Handgun,Murder and Nonnegligent Manslaughter
48.0,F,Black or African American,Handgun,Murder and Nonnegligent Manslaughter
44.0,M,Black or African American,Handgun,Murder and Nonnegligent Manslaughter
22.0,M,Black or African American,Handgun,Murder and Nonnegligent Manslaughter
44.0,M,Black or African American,Handgun,Murder and Nonnegligent Manslaughter
22.0,M,Black or African American,Handgun,Murder and Nonnegligent Manslaughter
60.0,F,White,Handgun,Murder and Nonnegligent Manslaughter
20.0,M,Black or African American,Handgun,Murder and Nonnegligent Manslaughter
42.0,M,White,Handgun,Murder and Nonnegligent Manslaughter
31.0,M,White,Handgun,Murder and Nonnegligent Manslaughter
29.0,M,Black or African American,Handgun,Murder and Nonnegligent Manslaughter
39.0,F,White,Handgun,Murder and Nonnegligent Manslaughter
30.0,M,Black or African American,Handgun,Murder and Nonnegligent Manslaughter
20.0,M,Black or African American,Handgun,Murder and Nonnegligent Manslaughter
18.0,M,Black or African American,Handgun,Murder and Nonnegligent Manslaughter
17.0,M,Black or African American,Handgun,Murder and Nonnegligent Manslaughter
17.0,M,Black or African American,Handgun,Murder and Nonnegligent Manslaughter
18.0,M,Black or African American,Handgun,Murder and Nonnegligent Manslaughter
37.0,M,Black or African American,Handgun,Murder and Nonnegligent Manslaughter
46.0,F,Black or African American,Handgun,Murder and Nonnegligent Manslaughter
20.0,M,Black or African American,Handgun,Murder and Nonnegligent Manslaughter
67.0,F,Black or African American,Handgun,Murder and Nonnegligent Manslaughter
55.0,M,White,Handgun,Murder and Nonnegligent Manslaughter
45.0,M,Black or African American,Handgun,Murder and Nonnegligent Manslaughter
35.0,M,Black or African American,Handgun,Murder and Nonnegligent Manslaughter
30.0,M,Black or African American,Handgun,Murder and Nonnegligent Manslaughter
69.0,M,Black or African American,Handgun,Murder and Nonnegligent Manslaughter
58.0,M,Black or African American,Handgun,Murder and Nonnegligent Manslaughter
53.0,M,Black or African American,Handgun,Murder and Nonnegligent Manslaughter
45.0,M,Black or African American,Handgun,Murder and Nonnegligent Manslaughter
35.0,M,Black or African American,Handgun,Murder and Nonnegligent Manslaughter
30.0,M,Black or African American,Handgun,Murder and Nonnegligent Manslaughter
69.0,M,Black or African American,Handgun,Murder and Nonnegligent Manslaughter
58.0,M,Black or African American,Handgun,Murder and Nonnegligent Manslaughter
53.0,M,Black or African American,Handgun,Murder and Nonnegligent Manslaughter
27.0,M,Black or African American,Handgun,Murder and Nonnegligent Manslaughter
27.0,M,Black or African American,Handgun,Murder and Nonnegligent Manslaughter
31.0,M,Black or African American,Handgun,Murder and Nonnegligent Manslaughter
24.0,M,Black or African American,Handgun,Murder and Nonnegligent Manslaughter
37.0,M,White,Handgun,Murder and Nonnegligent Manslaughter
22.0,F,White,Handgun,Murder and Nonnegligent Manslaughter
68.0,F,White,Handgun,Murder and Nonnegligent Manslaughter
52.0,F,White,Handgun,Murder and Nonnegligent Manslaughter
19.0,M,White,Handgun,Murder and Nonnegligent Manslaughter
15.0,M,Black or African American,Handgun,Murder and Nonnegligent Manslaughter
30.0,M,White,Handgun,Murder and Nonnegligent Manslaughter
30.0,M,White,Handgun,Murder and Nonnegligent Manslaughter
23.0,M,Black or African American,Handgun,Murder and Nonnegligent Manslaughter
23.0,M,Black or African American,Handgun,Murder and Nonnegligent Manslaughter
23.0,M,Black or African American,Handgun,Murder and Nonnegligent Manslaughter
31.0,M,White,Handgun,Murder and Nonnegligent Manslaughter
20.0,M,White,Handgun,Murder and Nonnegligent Manslaughter
26.0,M,Black or African American,Handgun,Murder and Nonnegligent Manslaughter
24.0,F,Black or African American,Handgun,Murder and Nonnegligent Manslaughter
55.0,F,Black or African American,Handgun,Murder and Nonnegligent Manslaughter
20.0,F,Black or African American,Handgun,Murder and Nonnegligent Manslaughter
16.0,M,Black or African American,Handgun,Murder and Nonnegligent Manslaughter
9.0,F,Black or African American,Handgun,Murder and Nonnegligent Manslaughter
14.0,M,Black or African American,Handgun,Murder and Nonnegligent Manslaughter
16.0,M,Black or African American,Handgun,Murder and Nonnegligent Manslaughter
2.0,M,Black or African American,Handgun,Murder and Nonnegligent Manslaughter
1.0,M,Black or African American,Handgun,Murder and Nonnegligent Manslaughter
14.0,M,Black or African American,Handgun,Murder and Nonnegligent Manslaughter
53.0,M,White,Handgun,Murder and Nonnegligent Manslaughter
15.0,M,White,Handgun,Murder and Nonnegligent Manslaughter
17.0,M,White,Handgun,Murder and Nonnegligent Manslaughter
54.0,F,White,Handgun,Murder and Nonnegligent Manslaughter
54.0,F,White,Handgun,Murder and Nonnegligent Manslaughter
24.0,M,Black or African American,Handgun,Murder and Nonnegligent Manslaughter
33.0,M,Black or African American,Handgun,Murder and Nonnegligent Manslaughter
53.0,M,Black or African American,Handgun,Murder and Nonnegligent Manslaughter
48.0,M,Asian,Handgun,Murder and Nonnegligent Manslaughter
26.0,M,White,Handgun,Murder and Nonnegligent Manslaughter
26.0,M,White,Handgun,Murder and Nonnegligent Manslaughter
19.0,M,Black or African American,Handgun,Murder and Nonnegligent Manslaughter
27.0,M,Black or African American,Handgun,Murder and Nonnegligent Manslaughter
34.0,M,Black or African American,Handgun,Murder and Nonnegligent Manslaughter
42.0,F,Black or African American,Handgun,Murder and Nonnegligent Manslaughter
27.0,M,Black or African American,Handgun,Murder and Nonnegligent Manslaughter
34.0,M,Black or African American,Handgun,Murder and Nonnegligent Manslaughter
27.0,M,Black or African American,Handgun,Murder and Nonnegligent Manslaughter
34.0,M,Black or African American,Handgun,Murder and Nonnegligent Manslaughter
57.0,M,White,Handgun,Murder and Nonnegligent Manslaughter
83.0,M,White,Knife/Cutting Instrument,Murder and Nonnegligent Manslaughter
24.0,M,Black or African American,Handgun,Murder and Nonnegligent Manslaughter
27.0,M,Black or African American,Handgun,Murder and Nonnegligent Manslaughter
27.0,M,White,Handgun,Murder and Nonnegligent Manslaughter
52.0,M,Black or African American,Handgun,Murder and Nonnegligent Manslaughter
48.0,M,Black or African American,Handgun,Murder and Nonnegligent Manslaughter
18.0,M,Black or African American,Handgun,Murder and Nonnegligent Manslaughter
14.0,F,Black or African American,Handgun,Murder and Nonnegligent Manslaughter
15.0,M,Black or African American,Handgun,Murder and Nonnegligent Manslaughter
39.0,F,Black or African American,Handgun,Murder and Nonnegligent Manslaughter
50.0,M,Black or African American,Handgun,Murder and Nonnegligent Manslaughter
50.0,M,Black or African American,Handgun,Murder and Nonnegligent Manslaughter
49.0,M,White,Handgun,Murder and Nonnegligent Manslaughter
43.0,M,White,Handgun,Murder and Nonnegligent Manslaughter
45.0,F,White,Handgun,Murder and Nonnegligent Manslaughter
21.0,M,White,Handgun,Murder and Nonnegligent Manslaughter
56.0,M,White,Handgun,Murder and Nonnegligent Manslaughter
36.0,F,Black or African American,Handgun,Murder and Nonnegligent Manslaughter
47.0,M,Unknown,Handgun,Murder and Nonnegligent Manslaughter
2.0,M,Black or African American,Handgun,Murder and Nonnegligent Manslaughter
48.0,M,Black or African American,Handgun,Murder and Nonnegligent Manslaughter
57.0,M,White,Handgun,Murder and Nonnegligent Manslaughter
58.0,F,White,Handgun,Murder and Nonnegligent Manslaughter
54.0,M,White,Handgun,Murder and Nonnegligent Manslaughter
18.0,M,Black or African American,Handgun,Murder and Nonnegligent Manslaughter
52.0,M,Black or African American,Handgun,Murder and Nonnegligent Manslaughter
24.0,M,Black or African American,Handgun,Murder and Nonnegligent Manslaughter
6.0,M,Black or African American,Handgun,Murder and Nonnegligent Manslaughter
50.0,M,Black or African American,Handgun,Murder and Nonnegligent Manslaughter
23.0,M,Black or African American,Handgun,Murder and Nonnegligent Manslaughter
30.0,F,Black or African American,Handgun,Murder and Nonnegligent Manslaughter
42.0,M,White,Handgun,Murder and Nonnegligent Manslaughter
61.0,M,White,Handgun,Murder and Nonnegligent Manslaughter
22.0,F,White,Handgun,Murder and Nonnegligent Manslaughter
19.0,F,Black or African American,Handgun,Murder and Nonnegligent Manslaughter
32.0,F,White,Handgun,Murder and Nonnegligent Manslaughter
50.0,M,White,Handgun,Murder and Nonnegligent Manslaughter
38.0,M,White,Handgun,Murder and Nonnegligent Manslaughter
46.0,M,Black or African American,Handgun,Murder and Nonnegligent Manslaughter
2.0,F,White,Handgun,Murder and Nonnegligent Manslaughter
25.0,M,Black or African American,Handgun,Murder and Nonnegligent Manslaughter
49.0,M,White,Handgun,Murder and Nonnegligent Manslaughter
30.0,F,White,Handgun,Murder and Nonnegligent Manslaughter
32.0,F,White,Handgun,Murder and Nonnegligent Manslaughter
34.0,M,White,Handgun,Murder and Nonnegligent Manslaughter
30.0,F,White,Handgun,Murder and Nonnegligent Manslaughter
32.0,F,White,Handgun,Murder and Nonnegligent Manslaughter
34.0,M,White,Handgun,Murder and Nonnegligent Manslaughter
32.0,M,White,Handgun,Murder and Nonnegligent Manslaughter
32.0,M,White,Handgun,Murder and Nonnegligent Manslaughter
32.0,M,White,Handgun,Murder and Nonnegligent Manslaughter
32.0,M,White,Handgun,Murder and Nonnegligent Manslaughter
25.0,M,White,Handgun,Murder and Nonnegligent Manslaughter
64.0,M,White,Handgun,Murder and Nonnegligent Manslaughter
64.0,M,White,Handgun,Murder and Nonnegligent Manslaughter
64.0,M,White,Handgun,Murder and Nonnegligent Manslaughter
18.0,M,Black or African American,Handgun,Murder and Nonnegligent Manslaughter
17.0,M,Black or African American,Handgun,Murder and Nonnegligent Manslaughter
25.0,M,White,Handgun,Murder and Nonnegligent Manslaughter
18.0,M,Black or African American,Handgun,Murder and Nonnegligent Manslaughter
17.0,M,Black or African American,Handgun,Murder and Nonnegligent Manslaughter
46.0,M,Black or African American,Handgun,Murder and Nonnegligent Manslaughter
23.0,M,Black or African American,Handgun,Murder and Nonnegligent Manslaughter
28.0,M,Black or African American,Handgun,Murder and Nonnegligent Manslaughter
50.0,M,White,Handgun,Murder and Nonnegligent Manslaughter
3.0,M,White,Handgun,Murder and Nonnegligent Manslaughter
27.0,F,White,Handgun,Murder and Nonnegligent Manslaughter
31.0,F,White,Handgun,Murder and Nonnegligent Manslaughter
26.0,F,White,Handgun,Murder and Nonnegligent Manslaughter
22.0,M,White,Handgun,Murder and Nonnegligent Manslaughter
22.0,M,White,Handgun,Murder and Nonnegligent Manslaughter
27.0,F,White,Handgun,Murder and Nonnegligent Manslaughter
16.0,M,Black or African American,Handgun,Murder and Nonnegligent Manslaughter
14.0,M,White,Handgun,Murder and Nonnegligent Manslaughter
31.0,M,Black or African American,Handgun,Murder and Nonnegligent Manslaughter
23.0,F,Black or African American,Handgun,Murder and Nonnegligent Manslaughter
22.0,F,Black or African American,Handgun,Murder and Nonnegligent Manslaughter
3.0,F,Black or African American,Handgun,Murder and Nonnegligent Manslaughter
57.0,M,White,Handgun,Murder and Nonnegligent Manslaughter
2.0,M,Black or African American,Handgun,Murder and Nonnegligent Manslaughter
22.0,M,Black or African American,Handgun,Murder and Nonnegligent Manslaughter
64.0,F,White,Handgun,Murder and Nonnegligent Manslaughter
32.0,M,Black or African American,Handgun,Murder and Nonnegligent Manslaughter
32.0,M,Black or African American,Handgun,Murder and Nonnegligent Manslaughter
41.0,M,Black or African American,Handgun,Murder and Nonnegligent Manslaughter
25.0,M,White,Handgun,Murder and Nonnegligent Manslaughter
54.0,F,White,Handgun,Murder and Nonnegligent Manslaughter
24.0,F,Black or African American,Handgun,Murder and Nonnegligent Manslaughter
43.0,M,White,Handgun,Murder and Nonnegligent Manslaughter
42.0,F,White,Handgun,Murder and Nonnegligent Manslaughter
40.0,M,White,Handgun,Murder and Nonnegligent Manslaughter
43.0,M,Black or African American,Handgun,Murder and Nonnegligent Manslaughter
27.0,M,Black or African American,Handgun,Murder and Nonnegligent Manslaughter
66.0,F,Black or African American,Handgun,Murder and Nonnegligent Manslaughter
9.0,M,Black or African American,Handgun,Murder and Nonnegligent Manslaughter
66.0,F,Black or African American,Handgun,Murder and Nonnegligent Manslaughter
9.0,M,Black or African American,Handgun,Murder and Nonnegligent Manslaughter
25.0,F,Black or African American,Handgun,Murder and Nonnegligent Manslaughter
66.0,F,Black or African American,Handgun,Murder and Nonnegligent Manslaughter
9.0,M,Black or African American,Handgun,Murder and Nonnegligent Manslaughter
44.0,M,Black or African American,Handgun,Murder and Nonnegligent Manslaughter
19.0,M,Black or African American,Handgun,Murder and Nonnegligent Manslaughter
4.0,F,White,Handgun,Murder and Nonnegligent Manslaughter
22.0,F,White,Handgun,Murder and Nonnegligent Manslaughter
3.0,F,Black or African American,Handgun,Murder and Nonnegligent Manslaughter
4.0,F,Black or African American,Handgun,Murder and Nonnegligent Manslaughter
19.0,F,White,Handgun,Murder and Nonnegligent Manslaughter
19.0,M,Black or African American,Handgun,Murder and Nonnegligent Manslaughter
16.0,M,Black or African American,Handgun,Murder and Nonnegligent Manslaughter
32.0,F,Black or African American,Handgun,Murder and Nonnegligent Manslaughter
31.0,M,Black or African American,Handgun,Murder and Nonnegligent Manslaughter
21.0,F,Black or African American,Handgun,Murder and Nonnegligent Manslaughter
48.0,M,White,Handgun,Murder and Nonnegligent Manslaughter
18.0,M,Black or African American,Handgun,Murder and Nonnegligent Manslaughter
22.0,M,Black or African American,Handgun,Murder and Nonnegligent Manslaughter
21.0,M,Black or African American,Handgun,Murder and Nonnegligent Manslaughter
25.0,F,White,Handgun,Murder and Nonnegligent Manslaughter
3.0,F,Black or African American,Handgun,Murder and Nonnegligent Manslaughter
4.0,F,Black or African American,Handgun,Murder and Nonnegligent Manslaughter
23.0,M,White,Handgun,Murder and Nonnegligent Manslaughter
24.0,M,White,Handgun,Murder and Nonnegligent Manslaughter
15.0,M,White,Handgun,Murder and Nonnegligent Manslaughter
36.0,M,White,Handgun,Murder and Nonnegligent Manslaughter
27.0,F,White,Handgun,Murder and Nonnegligent Manslaughter
23.0,M,White,Handgun,Murder and Nonnegligent Manslaughter
24.0,M,White,Handgun,Murder and Nonnegligent Manslaughter
15.0,M,White,Handgun,Murder and Nonnegligent Manslaughter
36.0,M,White,Handgun,Murder and Nonnegligent Manslaughter
27.0,F,White,Handgun,Murder and Nonnegligent Manslaughter
18.0,M,Black or African American,Handgun,Murder and Nonnegligent Manslaughter
25.0,M,Black or African American,Handgun,Murder and Nonnegligent Manslaughter
42.0,M,White,Handgun,Murder and Nonnegligent Manslaughter
50.0,F,White,Handgun,Murder and Nonnegligent Manslaughter
42.0,M,White,Handgun,Murder and Nonnegligent Manslaughter
50.0,F,White,Handgun,Murder and Nonnegligent Manslaughter
42.0,M,White,Handgun,Murder and Nonnegligent Manslaughter
50.0,F,White,Handgun,Murder and Nonnegligent Manslaughter
42.0,M,White,Handgun,Murder and Nonnegligent Manslaughter
50.0,F,White,Handgun,Murder and Nonnegligent Manslaughter
50.0,F,White,Handgun,Murder and Nonnegligent Manslaughter
55.0,F,White,Handgun,Murder and Nonnegligent Manslaughter
48.0,M,Black or African American,Handgun,Murder and Nonnegligent Manslaughter
35.0,M,American Indian or Alaska Native,Handgun,Murder and Nonnegligent Manslaughter
48.0,M,Black or African American,Handgun,Murder and Nonnegligent Manslaughter
35.0,M,American Indian or Alaska Native,Handgun,Murder and Nonnegligent Manslaughter
48.0,M,Black or African American,Handgun,Murder and Nonnegligent Manslaughter
35.0,M,American Indian or Alaska Native,Handgun,Murder and Nonnegligent Manslaughter
48.0,M,Black or African American,Handgun,Murder and Nonnegligent Manslaughter
35.0,M,American Indian or Alaska Native,Handgun,Murder and Nonnegligent Manslaughter
48.0,M,Black or African American,Handgun,Murder and Nonnegligent Manslaughter
35.0,M,American Indian or Alaska Native,Handgun,Murder and Nonnegligent Manslaughter
48.0,M,Black or African American,Handgun,Murder and Nonnegligent Manslaughter
35.0,M,American Indian or Alaska Native,Handgun,Murder and Nonnegligent Manslaughter
68.0,M,Black or African American,Handgun,Murder and Nonnegligent Manslaughter
47.0,F,White,Handgun,Murder and Nonnegligent Manslaughter
48.0,M,Black or African American,Handgun,Murder and Nonnegligent Manslaughter
41.0,M,Black or African American,Handgun,Murder and Nonnegligent Manslaughter
52.0,M,Asian,Handgun,Murder and Nonnegligent Manslaughter
44.0,M,Black or African American,Handgun,Murder and Nonnegligent Manslaughter
15.0,F,Black or African American,Handgun,Murder and Nonnegligent Manslaughter
44.0,F,Black or African American,Handgun,Murder and Nonnegligent Manslaughter
42.0,M,Black or African American,Handgun,Murder and Nonnegligent Manslaughter
18.0,F,Black or African American,Handgun,Murder and Nonnegligent Manslaughter
40.0,F,White,Handgun,Murder and Nonnegligent Manslaughter
61.0,M,White,Handgun,Murder and Nonnegligent Manslaughter
33.0,F,White,Handgun,Murder and Nonnegligent Manslaughter
61.0,F,White,Handgun,Murder and Nonnegligent Manslaughter
30.0,M,Black or African American,Handgun,Murder and Nonnegligent Manslaughter
30.0,M,White,Handgun,Murder and Nonnegligent Manslaughter
30.0,M,Black or African American,Handgun,Murder and Nonnegligent Manslaughter
25.0,M,Black or African American,Handgun,Murder and Nonnegligent Manslaughter
26.0,M,Black or African American,Handgun,Murder and Nonnegligent Manslaughter
23.0,M,White,Handgun,Murder and Nonnegligent Manslaughter
24.0,M,White,Handgun,Murder and Nonnegligent Manslaughter
15.0,M,White,Handgun,Murder and Nonnegligent Manslaughter
36.0,M,White,Handgun,Murder and Nonnegligent Manslaughter
27.0,F,White,Handgun,Murder and Nonnegligent Manslaughter
23.0,M,White,Handgun,Murder and Nonnegligent Manslaughter
24.0,M,White,Handgun,Murder and Nonnegligent Manslaughter
15.0,M,White,Handgun,Murder and Nonnegligent Manslaughter
36.0,M,White,Handgun,Murder and Nonnegligent Manslaughter
27.0,F,White,Handgun,Murder and Nonnegligent Manslaughter
59.0,M,Black or African American,Handgun,Murder and Nonnegligent Manslaughter
59.0,M,Black or African American,Handgun,Murder and Nonnegligent Manslaughter
21.0,M,Black or African American,Handgun,Murder and Nonnegligent Manslaughter
21.0,M,Black or African American,Handgun,Murder and Nonnegligent Manslaughter
68.0,M,White,Handgun,Murder and Nonnegligent Manslaughter
19.0,M,Black or African American,Handgun,Murder and Nonnegligent Manslaughter
21.0,M,Black or African American,Handgun,Murder and Nonnegligent Manslaughter
40.0,M,White,Handgun,Murder and Nonnegligent Manslaughter
19.0,M,Black or African American,Handgun,Murder and Nonnegligent Manslaughter
19.0,F,Black or African American,Handgun,Murder and Nonnegligent Manslaughter
71.0,M,Black or African American,Handgun,Murder and Nonnegligent Manslaughter
18.0,M,Black or African American,Handgun,Murder and Nonnegligent Manslaughter
20.0,M,Black or African American,Handgun,Murder and Nonnegligent Manslaughter
33.0,M,White,Handgun,Murder and Nonnegligent Manslaughter
58.0,M,White,Handgun,Murder and Nonnegligent Manslaughter
44.0,F,White,Handgun,Murder and Nonnegligent Manslaughter
32.0,F,Black or African American,Handgun,Murder and Nonnegligent Manslaughter
31.0,M,Black or African American,Handgun,Murder and Nonnegligent Manslaughter
42.0,F,Black or African American,Handgun,Murder and Nonnegligent Manslaughter
22.0,M,White,Handgun,Murder and Nonnegligent Manslaughter
19.0,M,White,Handgun,Murder and Nonnegligent Manslaughter
53.0,M,White,Handgun,Murder and Nonnegligent Manslaughter
50.0,M,White,Handgun,Murder and Nonnegligent Manslaughter
18.0,M,Black or African American,Handgun,Murder and Nonnegligent Manslaughter
18.0,M,Black or African American,Handgun,Murder and Nonnegligent Manslaughter
37.0,F,Black or African American,Handgun,Murder and Nonnegligent Manslaughter
22.0,F,Black or African American,Handgun,Murder and Nonnegligent Manslaughter
6.0,F,Black or African American,Handgun,Murder and Nonnegligent Manslaughter
1.0,F,Black or African American,Handgun,Murder and Nonnegligent Manslaughter
25.0,M,White,Handgun,Murder and Nonnegligent Manslaughter
25.0,M,White,Handgun,Murder and Nonnegligent Manslaughter
22.0,M,White,Handgun,Murder and Nonnegligent Manslaughter
28.0,M,Black or African American,Handgun,Murder and Nonnegligent Manslaughter
21.0,M,Black or African American,Handgun,Murder and Nonnegligent Manslaughter
77.0,M,White,Handgun,Murder and Nonnegligent Manslaughter
18.0,F,Black or African American,Handgun,Murder and Nonnegligent Manslaughter
20.0,F,Black or African American,Handgun,Murder and Nonnegligent Manslaughter
12.0,M,Black or African American,Handgun,Murder and Nonnegligent Manslaughter
12.0,M,Black or African American,Handgun,Murder and Nonnegligent Manslaughter
,M,White,Handgun,Murder and Nonnegligent Manslaughter
30.0,M,Black or African American,Handgun,Murder and Nonnegligent Manslaughter
32.0,M,White,Handgun,Murder and Nonnegligent Manslaughter
46.0,F,White,Handgun,Murder and Nonnegligent Manslaughter
32.0,M,White,Handgun,Murder and Nonnegligent Manslaughter
42.0,M,White,Handgun,Murder and Nonnegligent Manslaughter
29.0,M,White,Handgun,Murder and Nonnegligent Manslaughter
49.0,F,Black or African American,Handgun,Murder and Nonnegligent Manslaughter
62.0,M,Black or African American,Handgun,Murder and Nonnegligent Manslaughter
28.0,M,White,Handgun,Murder and Nonnegligent Manslaughter
26.0,F,Black or African American,Handgun,Murder and Nonnegligent Manslaughter
28.0,M,White,Handgun,Murder and Nonnegligent Manslaughter
40.0,M,White,Handgun,Murder and Nonnegligent Manslaughter
40.0,M,White,Handgun,Murder and Nonnegligent Manslaughter
53.0,M,Black or African American,Handgun,Murder and Nonnegligent Manslaughter
21.0,F,Black or African American,Handgun,Murder and Nonnegligent Manslaughter
26.0,F,Black or African American,Handgun,Murder and Nonnegligent Manslaughter
3.0,M,Black or African American,Handgun,Murder and Nonnegligent Manslaughter
6.0,F,Black or African American,Handgun,Murder and Nonnegligent Manslaughter
10.0,U,Black or African American,Knife/Cutting Instrument,Murder and Nonnegligent Manslaughter
6.0,U,Black or African American,Handgun,Murder and Nonnegligent Manslaughter
,M,Black or African American,Handgun,Murder and Nonnegligent Manslaughter
55.0,M,White,Handgun,Murder and Nonnegligent Manslaughter
18.0,M,Black or African American,Handgun,Murder and Nonnegligent Manslaughter
18.0,M,Black or African American,Handgun,Murder and Nonnegligent Manslaughter
18.0,M,Black or African American,Handgun,Murder and Nonnegligent Manslaughter
20.0,M,Black or African American,Handgun,Murder and Nonnegligent Manslaughter
20.0,M,Black or African American,Handgun,Murder and Nonnegligent Manslaughter
,F,Black or African American,Handgun,Murder and Nonnegligent Manslaughter
22.0,F,Black or African American,Handgun,Murder and Nonnegligent Manslaughter
1.0,M,Black or African American,Handgun,Murder and Nonnegligent Manslaughter
30.0,M,White,Handgun,Murder and Nonnegligent Manslaughter
30.0,M,Black or African American,Handgun,Murder and Nonnegligent Manslaughter
28.0,M,White,Handgun,Murder and Nonnegligent Manslaughter
20.0,M,White,Handgun,Murder and Nonnegligent Manslaughter
